{
	"endpoint-trigger": {
		"default": "malicious",
		"malicious": [
			{
				"labels": [
				],
				"type": "Endpoint Risk Detection (Manual) - JP",
				"occurred": "2019-10-27T23:27:04.123231391Z",
				"severity": 1,
				"createInvestigation": true,
				"name": "'Suspicious process injection found' - TYAMADA-1910",
				"CustomFields": {
					"filelist": [
						{
							"name": "YAMADA TAROMR 27OCT NRT.pdf.exe",
              "size": 1456128,
							"md5": "cb7e2e8c1156efcb8624fa5f472a36bf",
							"sha1": "53f2dca40130f22d40afcdd91dcbe00bf5c5dd29",
							"sha256": "f2db5c6ef2144e0ca3a84def15e95ff20c56fabf0a79703b352e209fe3d60102",
							"path": "C:\\Users\\tyamada\\AppData\\Local\\Temp\\YAMADA TAROMR 27OCT NRT.pdf.exe"
						}
					],
					"computername": "TYAMADA-1910"
				}
			},
			{
				"labels": [
				],
				"type": "Endpoint Risk Detection (Manual) - JP",
				"occurred": "2019-10-27T23:27:04.123231391Z",
				"severity": 1,
				"createInvestigation": true,
				"name": "'Suspicious process injection found' - YMARUOKA-1822",
				"CustomFields": {
					"filelist": [
						{
							"name": "MARUOKA YUKOMS 27OCT NRT.pdf.exe",
              "size": 1456128,
							"md5": "cb7e2e8c1156efcb8624fa5f472a36bf",
							"sha1": "53f2dca40130f22d40afcdd91dcbe00bf5c5dd29",
							"sha256": "f2db5c6ef2144e0ca3a84def15e95ff20c56fabf0a79703b352e209fe3d60102",
							"path": "C:\\Users\\ymaruoka\\AppData\\Local\\Temp\\MARUOKA YUKOMS 27OCT NRT.pdf.exe"
						}
					],
					"computername": "YMARUOKA-1822"
				}
			}
		],
		"malicious-no-eml": [
			{
				"labels": [
				],
				"type": "Endpoint Risk Detection (Manual) - JP",
				"occurred": "2019-10-27T23:27:04.123231391Z",
				"severity": 1,
				"createInvestigation": true,
				"name": "'Suspicious process injection found' - AKIDA-2850",
				"CustomFields": {
					"filelist": [
						{
							"name": "KIDA AYUMIMS 27OCT NRT.pdf.exe",
              "size": 1456128,
							"md5": "cb7e2e8c1156efcb8624fa5f472a36bf",
							"sha1": "53f2dca40130f22d40afcdd91dcbe00bf5c5dd29",
							"sha256": "f2db5c6ef2144e0ca3a84def15e95ff20c56fabf0a79703b352e209fe3d60102",
							"path": "C:\\Users\\akida\\AppData\\Local\\Temp\\KIDA AYUMIMS 27OCT NRT.pdf.exe"
						}
					],
					"computername": "AKIDA-2850"
				}
			}
		],
		"suspicious": [
			{
				"labels": [
				],
				"type": "Endpoint Risk Detection (Manual) - JP",
				"occurred": "2019-10-27T23:27:04.123231391Z",
				"severity": 1,
				"createInvestigation": true,
				"name": "'Risk activities found' - KSHISHIDO-6092",
				"CustomFields": {
					"filelist": [
						{
							"name": "curl.exe",
              "size": 386048,
							"md5": "1e02a122fe09272058fc1ef0b1b6265e",
							"sha1": "4b0223110d11a6613fd863e9f9b10c83ef1d7b71",
							"sha256": "f835e15aceb0e995ead000641019aec2162f74d45c5732cee9e3c77d13fa038a",
							"path": "C:\\Users\\kshishido\\AppData\\Local\\Temp\\curl.exe"
						}
					],
					"computername": "KSHISHIDO-6092"
				}
			}
		],
		"suspicious-no-eml": [
			{
				"labels": [
				],
				"type": "Endpoint Risk Detection (Manual) - JP",
				"occurred": "2019-10-27T23:27:04.123231391Z",
				"severity": 1,
				"createInvestigation": true,
				"name": "'Risk activities found' - MFUSE-8721",
				"CustomFields": {
					"filelist": [
						{
							"name": "curl.exe",
              "size": 386048,
							"md5": "1e02a122fe09272058fc1ef0b1b6265e",
							"sha1": "4b0223110d11a6613fd863e9f9b10c83ef1d7b71",
							"sha256": "f835e15aceb0e995ead000641019aec2162f74d45c5732cee9e3c77d13fa038a",
							"path": "C:\\Users\\mfuse\\AppData\\Local\\Temp\\curl.exe"
						}
					],
					"computername": "MFUSE-8721"
				}
			}
		]
	},

	"multiple failed logins followed by successful logins": {
		"default": [
			{
				"labels": [
				],
				"type": "Risk Authentication - JP",
				"occurred": "2019-10-27T23:27:04.123231391Z",
				"severity": 1,
				"createInvestigation": true,
				"name": "'5 failed logins followed by successful logins' - tyamada",
				"CustomFields": {
					"user": "tyamada",
					"userid": "tyamada",
					"sourceip": "10.1.2.252",
					"destinationip": "10.1.2.3",
					"destinationhostname": "TYOADSRV01"
				}
			}
		]
	}
	
}

