[
	{
		"user_name": "minoue",
		"email_address": "minoue@cortex.lan",
		"first_name": "正彦",
		"last_name": "井上",
		"department": "Demisto",
		"computer_name": "MINOUE-1234"
	},
	{
		"user_name": "tyamada",
		"email_address": "tyamada@cortex.lan",
		"first_name": "太郎",
		"last_name": "山田",
		"department": "HR",
		"computer_name": "TYAMADA-1910"
	},
	{
		"user_name": "ymaruoka",
		"email_address": "ymaruoka@cortex.lan",
		"first_name": "裕子",
		"last_name": "丸岡",
		"department": "HR",
		"computer_name": "YMARUOKA-1822"
	},
	{
		"user_name": "akida",
		"email_address": "akida@cortex.lan",
		"first_name": "歩実",
		"last_name": "木田",
		"department": "Platform",
		"computer_name": "AKIDA-2850"
	},
	{
		"user_name": "kshishido",
		"email_address": "kshishido@cortex.lan",
		"first_name": "健",
		"last_name": "宍戸",
		"department": "Platform",
		"computer_name": "KSHISHIDO-6092"
	},
	{
		"user_name": "mfuse",
		"email_address": "mfuse@cortex.lan",
		"first_name": "雅人",
		"last_name": "布施",
		"department": "Platform",
		"computer_name": "MFUSE-8721"
	}
]
