[
  {
    "brand": "Active Directory Query v2",
    "name": "Active Directory Query v2_instance_admock_default",
    "packID": "Active_Directory_Query",
    "configvalues": {
      "mapper-out": "User Profile - Active Directory (Outgoing)",
      "base_dn": "DC=CORP,DC=CORTEX,DC=COM",
      "mapper-in": "User Profile - Active Directory (Incoming)",
      "create-if-not-exists": true,
      "unsecure": true,
      "ntlm": false,
      "page_size": "500",
      "port": "636",
      "credentials": {
        "identifier": "CN=user,OU=CORTEX,DC=CORP,DC=CORTEX,DC=COM",
        "password": "Password123$"
      },
      "secure_connection": "SSL",
      "server_ip": "172.17.0.1",
      "group-cn": null
    }
  },
  {
    "brand": "admock",
    "name": "admock_instance_default",
    "packID": "",
    "configvalues": {
      "enableAuth": false,
      "insecure": true,
      "sslCertKey": "-----BEGIN CERTIFICATE----- MIIDEjCCAfqgAwIBAgIUNl9R6iw78FXvUAUF9ueUwdf48jYwDQYJKoZIhvcNAQEL BQAwETEPMA0GA1UEAxMGYWRtb2NrMB4XDTIwMDUxMTE1MzczMFoXDTQwMDUxMTE1 MzczMFowETEPMA0GA1UEAxMGYWRtb2NrMIIBITANBgkqhkiG9w0BAQEFAAOCAQ4A MIIBCQKCAQB5awycKqi0ey/wPRQqt+KsILteV/CqnMUSP3hsvbM+WxgT5XYTNE67 8e/t2lN1aqEhbXWfTxP6K3Gly9296weq9pgMdgMXCDNeEpFYnSQXIm7/WB+iGwxW eDQqCSahaFqr0yrjU39/MI9be9fLbLZiOEHiPfb77bc60yebx93YaJmEm7P93LWO 5eczBrefRdYYzwlwF0zlaXbuOhmP4bueSTR+9okbiF3gkDHQGrJI8k5WS6R/YZSs l/i2q5GQTxnozuPXUtDOaw3SrR+0DC38a8q1ZffSGashLiUfp6DVm9PYj/MXwqLw VzNFYC8diOLaEk8v3G+Xh1TBtbC6DHr9AgMBAAGjYzBhMB8GA1UdIwQYMBaAFJwU wZ/i3pmPRXbOtXFVP/BckfImMB0GA1UdDgQWBBScFMGf4t6Zj0V2zrVxVT/wXJHy JjAPBgNVHRMBAf8EBTADAQH/MA4GA1UdDwEB/wQEAwIBhjANBgkqhkiG9w0BAQsF AAOCAQEAWDUkeyYq4wtNUYKN7kc64h8tTJy0eAEOrpbTWk6Cv5GBXICD6G1++b5X CSFW+UOTv8olvoaz8jyWiJ6AIzFgRCf1pud706coDKoiy0KRPHN+/sAJnlyLNma8 SmLKbvVGkqbQMkLCR5Ij+CEGG6JLyIKvMIpVn2nI1/RJdreEzc7Ap5U2qGtA6VVF Tvfvh1lo/ripKNMg2S40Yx42dR4eTA2Xulo00UNsSVRk6MFjhcS+BTTd+vzsg+xJ 7B0dGJioN0fCKsroiwiDIQq/GQ+XpHnYr5eKeRTOJBAmaJ8V35nuOgyOFS5GN78P KLOfDgzCfPQ1KCOKCLgf0rrGO7wrFA== -----END CERTIFICATE----- -----BEGIN RSA PRIVATE KEY----- MIIEoQIBAAKCAQB5awycKqi0ey/wPRQqt+KsILteV/CqnMUSP3hsvbM+WxgT5XYT NE678e/t2lN1aqEhbXWfTxP6K3Gly9296weq9pgMdgMXCDNeEpFYnSQXIm7/WB+i GwxWeDQqCSahaFqr0yrjU39/MI9be9fLbLZiOEHiPfb77bc60yebx93YaJmEm7P9 3LWO5eczBrefRdYYzwlwF0zlaXbuOhmP4bueSTR+9okbiF3gkDHQGrJI8k5WS6R/ YZSsl/i2q5GQTxnozuPXUtDOaw3SrR+0DC38a8q1ZffSGashLiUfp6DVm9PYj/MX wqLwVzNFYC8diOLaEk8v3G+Xh1TBtbC6DHr9AgMBAAECggEAPIGXOB+eEMquugaG DT+zytlI5hvmx+712kEc7vud3j4hApE/xRQ1BD3ttdct7f5kK7dTfT84Elwh92Bf sSv1l0HpxZPtuEWS65dPLRyqBolXTRIKOYtHG7QtMqF6ycaqIKRL5BsRFz4Iwqs1 f58+SDYGxwrgEO2GeN8PBveT2yqb1Sl8kAz6W6PJjQL3OXA/gPU6vms41FZz9Ofj rrvGUUNgy5B3tgk3NnKkFGie7oyKvI6GAqfUCsSEGHQ9FlncU0ZwYq09yFvyDmyd 0PJg6y9zRJNx3u8xE9PmTEjyMJVcXQP4Riep/KGIm9qCwuRYV+soYpDwF+jBgdei f+TRIQKBgQDI8i7DWr84ooiFIJ3bipcFFx6EOpVMWqQEtVENx1XHVMG/F8sUZ3C8 vFrFyMtlPLKutcP6JSrVuheuf2D4hlTvPteUxE/pwKLM6WDZFkD9p26s/VLhv+Jt CzbvUII0IdRksV6kGbfY1oLzg+sqbeoDFiwahdCIvIYri+bFsy+9mQKBgQCarv6h QHBgsRadbVtGChrdIZo60t4ScuaN07MquaZaqqLCiPe2FsPNQnN3zz4nxClKCXJ9 L2Samlwdr248TdQM2k7yYdjIRF1G+7qgGt9PvJqc7lnhdqimovVR8r0/CdWdVcRN lpjSxJ6loW+CxC4rUbX2+hFmN8R0ruG8XhJfBQKBgDYWOdALVP0Bgo2Sweqd2xhb qLMesaDjpNI/m5mB1ezZO20cEmVjkky6xhQGf/i35cBw3FcwOd9dP5KQZqF+Rs4+ s/gu/vOEDk3pY1ALVWLw9jFJ3k01QNTo99hiayltEaYot7ij04Bh/M1e7KV3AE3k Yeqhqgej9tkxxuPf3zHBAoGABSSaXLwqwFxC9zsClOKTIBUU7q3CKnTdi4ulYl9H 063muXcaXViGbBWwhyRB2cqg4NBNmTHxM168f1Qs4x5nVYIQq+hq78WuIEUQYHBk Sl9n+J3IKUHru5ahd3cNqcHm81M9sqK2NBPLfpBOh9eD/Xa7CRopZ++kvYhvAvdR vw0CgYAwI26DDDhaFUmRfb11a2Voe1UH4JtoaSPEMY9CYmgkBmwq9Er1FnHAudju lBDsFVID9d1+JtGPJm4uei9w7VEVJibhQfrTH2TZvhfVgUPBZNgl8U+/tgnQHcmG 1W1tRJursUOg13B93pFTF9CU+YgpwmOIVNJ08W4dI4RIFjPH6g== -----END RSA PRIVATE KEY-----",
      "ssl": true,
      "longRunningPort": "636",
      "ldifURL": "https://github.com/spearmin10/test/blob/master/admock-ldif-jp.zip?raw=true",
      "ldifZipPassword": null,
      "longRunning": true,
      "proxy": false,
      "enablePasswordCheck": false,
      "incidentType": ""
    }
  },
  {
    "brand": "Mail Sender (New)",
    "name": "Mail Sender (New)_instance_tsrain",
    "packID": "MailSenderNew",
    "configvalues": {
      "tls": "None",
      "insecure": false,
      "host": "172.17.0.1",
      "port": "8025",
      "from": "Cortex XSOAR <soc@cortex.lan>",
      "fqdn": ""
    }
  },
  {
    "brand": "mail-listener",
    "name": "mail-listener_instance_tsrain",
    "packID": "",
    "configvalues": {
      "deleteEmails": false,
      "permittedFromDomain": null,
      "includeRawBody": false,
      "MailServerURL": "172.17.0.1",
      "insecure": false,
      "Credentials": {
        "identifier": "soc@cortex.lan",
        "password": "Password123$"
      },
      "folder": "INBOX",
      "tls": false,
      "port": "8143",
      "sendMail": false,
      "isFetch": true,
      "Timezone": null,
      "permittedFromAdd": null,
      "incidentType": null,
      "filterByDate": true
    }
  },
  {
    "brand": "TSRAIN mail server",
    "name": "TSRAIN mail server_instance_imap",
    "packID": "",
    "configvalues": {
      "serviceType": "imap4 adapter",
      "mailboxPassword": null,
      "deafultAdminPassword": null,
      "serverName": "",
      "communicationPort": "8553",
      "longRunning": true,
      "longRunningPort": "8143",
      "incidentType": ""
    }
  },
  {
    "brand": "TSRAIN mail server",
    "name": "TSRAIN mail server_instance_pop3",
    "packID": "",
    "configvalues": {
      "communicationPort": "8553",
      "longRunning": true,
      "longRunningPort": "8110",
      "incidentType": "",
      "serviceType": "pop3 adapter",
      "mailboxPassword": null,
      "deafultAdminPassword": null,
      "serverName": ""
    }
  },
  {
    "brand": "TSRAIN mail server",
    "name": "TSRAIN mail server_instance_smtp",
    "packID": "",
    "configvalues": {
      "longRunningPort": "8025",
      "incidentType": "",
      "serviceType": "smtp adapter",
      "mailboxPassword": null,
      "deafultAdminPassword": null,
      "serverName": "",
      "communicationPort": "8553",
      "longRunning": true
    }
  },
  {
    "brand": "TSRAIN mail server",
    "name": "webmail",
    "packID": "",
    "configvalues": {
      "serverName": "",
      "communicationPort": "8553",
      "longRunning": true,
      "longRunningPort": "8888",
      "incidentType": "",
      "serviceType": "mail server",
      "mailboxPassword": "Password123$",
      "deafultAdminPassword": "Password123$"
    }
  },
  {
    "brand": "Minoue Demo Repository",
    "name": "Minoue Demo Repository_instance",
    "packID": "",
    "configvalues": {
      "unsecure": true,
      "use_system_proxy": false,
      "reputation_types": [
        "domain",
        "email",
        "file",
        "ip",
        "url"
      ],
      "repository_url": "",
      "repository_password": "",
      "demisto_apikey": "12345678901234567890123456789012"
    }
  },
  {
    "brand": "Demisto REST API",
    "name": "Demisto REST API_instance_local",
    "packID": "DemistoRESTAPI",
    "configvalues": {
      "insecure": true,
      "proxy": false,
      "url": "https://172.17.0.1",
      "apikey": "12345678901234567890123456789012"
    }
  },
  {
    "brand": "Palo Alto Networks WildFire v2",
    "name": "WildFire-v2_instance_CoreCortex JAPAN",
    "packID": "Palo_Alto_Networks_WildFire",
    "configvalues": {
      "proxy": false,
      "suppress_file_type_error": false,
      "server": "https://wildfire.paloaltonetworks.com/publicapi",
      "token": "af2a746c4106d79e333d4cba960267f1",
      "insecure": false
    }
  }
]